subject,Model_Accuracy,Teacher_Accuracy,Model_Off_One,Model_Off_2+,Teacher_Off_One,Teacher_Off_2+
art,0.696969696969697,0.7272727272727273,[8],[0],[7],[0]
biology,0.8125,0.7916666666666666,[7],[1],[8],[1]
business_studies,0.2222222222222222,0.5555555555555556,[25],[1],[7],[2]
chemistry,0.7368421052631579,0.7368421052631579,[12],[1],[11],[1]
computer_science,0.2857142857142857,0.5238095238095238,[12],[0],[5],[2]
drama,0.2857142857142857,0.39285714285714285,[16],[0],[8],[2]
english_language,0.704225352112676,0.6971830985915493,[32],[0],[34],[0]
english_literature,0.6891891891891891,0.6891891891891891,[40],[0],[41],[0]
french_language,0.9032258064516129,0.8924731182795699,[7],[1],[7],[1]
geography,0.4,0.5454545454545454,[26],[1],[15],[3]
german,0.6666666666666666,0.75,[3],[0],[3],[0]
history,0.37333333333333335,0.5866666666666667,[36],[5],[18],[9]
ict_btec,0.8953488372093024,0.9069767441860465,[5],[1],[6],[1]
maths,0.6643356643356644,0.7342657342657343,[46],[1],[31],[1]
music_studies,0.95,0.95,[4],[0],[4],[0]
music_tech_grade,0.9506172839506173,0.9506172839506173,[3],[0],[0],[0]
pearson_btec_sport,0.8888888888888888,0.8888888888888888,[1],[0],[1],[0]
physics,0.5263157894736842,0.6666666666666666,[26],[0],[17],[0]
science_double,0.808,0.84,[23],[0],[19],[0]
spanish,0.4722222222222222,0.5,[11],[3],[9],[4]
