subject,MSE,RMSE,R2,Cross-validation,Mean cross validation
biology,0.100,0.316,0.950,[0.76597159 0.93195775 0.96866858 0.91882885 0.9719456 ],0.911
english_language,0.098,0.312,0.952,[0.91710078 0.90351023 0.93858341 0.92401797 0.93034563],0.923
music_studies,0.000,0.000,1.000,[0.91015534 0.95850945 0.96273613 0.88541724 0.97542024],0.938
spanish,0.083,0.289,0.959,[0.84313381 0.94253584 0.93034558 0.93305546 0.90165074],0.910
